<?xml version="1.0" encoding="UTF-8"?>
<project version="4">
  <component name="JmixDataStoreSettingsManager">
    <moduleSettings>
      <entry key="io.jmix.jmix-petclinic.main">
        <ModuleSettings>
          <option name="dataStoreOptionsV2">
            <map>
              <entry key="main">
                <value>
                  <DataStoreSettingsV2 />
                </value>
              </entry>
            </map>
          </option>
        </ModuleSettings>
      </entry>
      <entry key="io.jmix.jmix-petclinic.main~1">
        <ModuleSettings>
          <option name="dataStoreOptionsV2">
            <map>
              <entry key="main">
                <value>
                  <DataStoreSettingsV2 />
                </value>
              </entry>
            </map>
          </option>
        </ModuleSettings>
      </entry>
      <entry key="io.jmix.jmix-petclinic.main~2">
        <ModuleSettings>
          <option name="dataStoreOptionsV2">
            <map>
              <entry key="main">
                <value>
                  <DataStoreSettingsV2 />
                </value>
              </entry>
            </map>
          </option>
        </ModuleSettings>
      </entry>
      <entry key="jmix-petclinic.main">
        <ModuleSettings>
          <option name="dataStoreOptionsV2">
            <map>
              <entry key="main">
                <value>
                  <DataStoreSettingsV2 />
                </value>
              </entry>
            </map>
          </option>
        </ModuleSettings>
      </entry>
    </moduleSettings>
  </component>
  <component name="JmixLiquibaseChangesConfig">
    <exclude-change idName="FK_PETCLINIC_PET_ON_OWNER" tagName="dropIndex" />
    <exclude-change idName="FK_PETCLINIC_PET_ON_TYPE" tagName="dropIndex" />
  </component>
</project>