<?xml version="1.0" encoding="UTF-8"?>
<databaseChangeLog
        xmlns="http://www.liquibase.org/xml/ns/dbchangelog"
        xmlns:xsi="http://www.w3.org/2001/XMLSchema-instance"
        xsi:schemaLocation="http://www.liquibase.org/xml/ns/dbchangelog
                      http://www.liquibase.org/xml/ns/dbchangelog/dbchangelog-latest.xsd"
        objectQuotingStrategy="QUOTE_ONLY_RESERVED_WORDS">
    <changeSet id="1" author="Facets">
        <createTable tableName="FLIGHT">
            <column name="ID" type="UUID">
                <constraints nullable="false" primaryKey="true" primaryKeyName="PK_FLIGHT"/>
            </column>
            <column name="FLIGHT_NUMBER" type="VARCHAR(255)"/>
            <column name="DESTINATION" type="VARCHAR(255)"/>
            <column name="TERMINAL_ID" type="UUID">
                <constraints nullable="false"/>
            </column>
        </createTable>
    </changeSet>
    <changeSet id="2" author="Facets">
        <createTable tableName="TERMINAL">
            <column name="ID" type="UUID">
                <constraints nullable="false" primaryKey="true" primaryKeyName="PK_TERMINAL"/>
            </column>
            <column name="NAME" type="VARCHAR(255)"/>
        </createTable>
    </changeSet>
    <changeSet id="3" author="Facets">
        <createIndex indexName="IDX_FLIGHT_TERMINAL" tableName="FLIGHT">
            <column name="TERMINAL_ID"/>
        </createIndex>

        <addForeignKeyConstraint baseColumnNames="TERMINAL_ID" baseTableName="FLIGHT"
                                 constraintName="FK_FLIGHT_ON_TERMINAL" onDelete="CASCADE" referencedColumnNames="ID"
                                 referencedTableName="TERMINAL"/>
    </changeSet>
</databaseChangeLog>